Date,MSFT,GOOGL,AMZN,DOCU,SHOP,OSTK
2019-07-25,137.79118347167972,1135.93994140625,1973.8199462890625,52.47000122070313,333.3399963378906,19.209999084472656
2019-07-26,138.92149353027344,1245.219970703125,1943.050048828125,54.68000030517578,336.5400085449219,20.049999237060547
2019-07-29,138.61680603027344,1241.8399658203125,1912.449951171875,53.9000015258789,319.7099914550781,22.07999992370605
2019-07-30,137.94844055175778,1228.0,1898.530029296875,54.1500015258789,314.29998779296875,22.8799991607666
2019-07-31,133.93826293945312,1218.199951171875,1866.780029296875,51.72000122070313,317.8800048828125,22.520000457763672
2019-08-01,135.69761657714844,1211.780029296875,1855.3199462890625,49.93000030517578,341.3900146484375,21.270000457763672
2019-08-02,134.55746459960938,1196.3199462890625,1823.239990234375,48.79999923706055,332.19000244140625,21.1299991607666
2019-08-05,129.94773864746094,1154.75,1765.1300048828125,44.70000076293945,321.3900146484375,21.600000381469727
2019-08-06,132.38528442382812,1171.0799560546875,1787.8299560546875,44.59000015258789,332.6700134277344,22.040000915527344
2019-08-07,132.96517944335938,1175.9100341796875,1793.4000244140625,45.040000915527344,341.30999755859375,22.09000015258789
2019-08-08,136.51341247558594,1206.18994140625,1832.8900146484373,46.36000061035156,357.80999755859375,21.290000915527344
2019-08-09,135.35362243652344,1188.9000244140625,1807.5799560546875,45.33000183105469,369.95001220703125,25.190000534057614
2019-08-12,133.46644592285156,1174.5,1784.9200439453125,44.209999084472656,366.7300109863281,24.96999931335449
2019-08-13,136.22840881347656,1196.72998046875,1824.3399658203125,45.61999893188477,369.2300109863281,20.57999992370605
2019-08-14,132.12594604492188,1164.25,1762.9599609375,43.90999984741211,352.79998779296875,15.970000267028807
2019-08-15,131.83009338378906,1169.3199462890625,1776.1199951171875,44.13000106811523,351.07000732421875,18.459999084472656
2019-08-16,134.2462158203125,1179.2099609375,1792.5699462890625,44.810001373291016,358.739990234375,18.11000061035156
2019-08-19,136.49465942382812,1200.43994140625,1816.1199951171875,44.540000915527344,361.8299865722656,18.899999618530273
2019-08-20,135.36056518554688,1183.530029296875,1801.3800048828125,44.63000106811523,374.9700012207031,19.07999992370605
2019-08-21,136.869384765625,1191.5799560546875,1823.5400390625,45.02000045776367,389.8299865722656,19.5
2019-08-22,135.87336730957028,1191.52001953125,1804.6600341796875,44.724998474121094,388.5400085449219,21.1200008392334
2019-08-23,131.54411315917972,1153.5799560546875,1749.6199951171875,43.97999954223633,382.75,19.88999938964844
2019-08-26,133.57562255859378,1171.1800537109375,1768.8699951171875,45.22999954223633,395.9599914550781,16.75
2019-08-27,133.86158752441406,1170.8199462890625,1761.8299560546875,44.7599983215332,406.989990234375,17.120000839233402
2019-08-28,133.68408203125,1173.75,1764.25,45.43999862670898,394.7999877929688,16.950000762939453
2019-08-29,136.20866394042972,1194.239990234375,1786.4000244140625,46.41999816894531,391.7099914550781,16.379999160766598
2019-08-30,135.9522705078125,1190.530029296875,1776.2900390625,46.68999862670898,385.3900146484375,15.729999542236328
2019-09-03,134.15745544433594,1169.550048828125,1789.8399658203125,46.61000061035156,383.9100036621094,15.06999969482422
2019-09-04,135.72544860839844,1182.27001953125,1800.6199951171875,46.849998474121094,386.489990234375,15.350000381469727
2019-09-05,138.11196899414062,1212.18994140625,1840.719970703125,46.25,392.7200012207031,16.139999389648438
2019-09-06,137.17510986328122,1206.3199462890625,1833.510009765625,56.27000045776367,380.4200134277344,16.899999618530273
2019-09-09,135.61697387695312,1205.27001953125,1831.3499755859373,58.56999969482422,358.6700134277344,19.46999931335449
2019-09-10,134.1968994140625,1205.699951171875,1820.550048828125,59.90999984741211,337.239990234375,21.31999969482422
2019-09-11,134.236328125,1220.0,1822.989990234375,63.29999923706055,347.510009765625,22.76000022888184
2019-09-12,135.61697387695312,1234.969970703125,1843.550048828125,62.93000030517578,356.6300048828125,26.71999931335449
2019-09-13,135.41973876953122,1240.030029296875,1839.3399658203125,62.4900016784668,338.30999755859375,24.93000030517578
2019-09-16,134.44343566894528,1231.6300048828125,1807.8399658203125,61.88000106811523,337.92999267578125,19.75
2019-09-17,135.48876953125,1229.8800048828125,1822.550048828125,61.9000015258789,328.82000732421875,17.600000381469727
2019-09-18,136.60313415527344,1232.6500244140625,1817.4599609375,63.29999923706055,325.8500061035156,16.190000534057614
2019-09-19,139.11784362792972,1238.75,1821.5,63.36000061035156,325.0,15.56999969482422
2019-09-20,137.51039123535156,1229.8399658203125,1794.1600341796875,64.80000305175781,318.82000732421875,14.970000267028807
2019-09-23,137.21455383300778,1234.68994140625,1785.300048828125,64.51999664306639,313.260009765625,11.1899995803833
2019-09-24,135.47891235351562,1218.3299560546875,1741.6099853515625,61.72000122070313,295.4700012207031,11.579999923706055
2019-09-25,137.43150329589844,1245.93994140625,1768.3299560546875,62.61000061035156,314.6000061035156,12.25
2019-09-26,137.6090087890625,1242.2900390625,1739.8399658203125,62.38999938964844,313.1400146484375,12.529999732971193
2019-09-27,135.82405090332028,1225.949951171875,1725.449951171875,60.63999938964844,305.69000244140625,11.229999542236328
2019-09-30,137.1060791015625,1221.1400146484375,1735.9100341796875,61.91999816894531,311.6600036621094,10.59000015258789
2019-10-01,135.1732177734375,1206.0,1735.6500244140625,60.88999938964844,313.2200012207031,9.609999656677246
2019-10-02,132.78668212890622,1177.9200439453125,1713.22998046875,60.7599983215332,310.3599853515625,10.380000114440918
2019-10-03,134.39413452148438,1189.4300537109375,1724.4200439453125,62.209999084472656,325.57000732421875,10.359999656677246
2019-10-04,136.20866394042972,1210.9599609375,1739.6500244140625,62.4000015258789,327.20001220703125,10.220000267028807
2019-10-07,135.22250366210938,1208.25,1732.6600341796875,65.05000305175781,326.32000732421875,11.220000267028807
2019-10-08,133.79257202148438,1190.1300048828125,1705.510009765625,64.62000274658203,311.04998779296875,11.729999542236328
2019-10-09,136.32701110839844,1202.4000244140625,1721.989990234375,67.04000091552734,313.8500061035156,10.6899995803833
2019-10-10,137.17510986328122,1209.469970703125,1720.260009765625,67.13999938964844,324.4700012207031,10.850000381469727
2019-10-11,137.7470703125,1215.7099609375,1731.9200439453125,66.52999877929689,329.260009765625,10.670000076293944
2019-10-14,137.61888122558594,1217.77001953125,1736.4300537109375,67.08999633789061,344.29998779296875,10.600000381469727
2019-10-15,139.61093139648438,1242.239990234375,1767.3800048828125,66.98999786376953,346.0799865722656,11.06999969482422
2019-10-16,138.46699523925778,1243.0,1777.4300537109375,67.05999755859375,323.6400146484375,11.609999656677244
2019-10-17,137.75692749023438,1252.800048828125,1787.47998046875,66.72000122070311,331.3399963378906,11.3100004196167
2019-10-18,135.50849914550778,1244.4100341796875,1757.510009765625,64.51999664306639,314.3399963378906,10.81999969482422
2019-10-21,136.51435852050778,1244.280029296875,1785.6600341796875,66.02999877929689,319.7300109863281,11.109999656677246
2019-10-22,134.48289489746094,1241.199951171875,1765.72998046875,63.20000076293945,299.69000244140625,10.970000267028807
2019-10-23,135.34086608886722,1257.6300048828125,1762.1700439453125,62.83000183105469,297.1400146484375,10.90999984741211
2019-10-24,138.00347900390622,1259.1099853515625,1780.780029296875,64.91000366210939,323.3399963378906,10.699999809265137
2019-10-25,138.78254699707028,1264.300048828125,1761.3299560546875,65.40000152587889,317.45001220703125,11.289999961853027
2019-10-28,142.19468688964844,1288.97998046875,1777.0799560546875,66.37000274658203,324.92999267578125,11.0
2019-10-29,140.85350036621094,1260.6600341796875,1762.7099609375,66.38999938964844,312.5199890136719,10.489999771118164
2019-10-30,142.60887145996094,1260.699951171875,1779.989990234375,66.76999664306639,319.1199951171875,10.65999984741211
2019-10-31,141.385986328125,1258.800048828125,1776.6600341796875,66.19000244140625,313.57000732421875,10.529999732971193
2019-11-01,141.73118591308594,1272.25,1791.43994140625,66.87999725341797,316.760009765625,10.3100004196167
2019-11-04,142.54969787597656,1289.6099853515625,1804.6600341796875,68.44999694824219,307.9100036621094,10.220000267028807
2019-11-05,142.46095275878906,1291.43994140625,1801.7099609375,66.0,295.5,10.029999732971193
2019-11-06,142.06646728515625,1291.010009765625,1795.77001953125,66.08000183105469,295.0199890136719,10.010000228881836
2019-11-07,142.26368713378906,1306.93994140625,1788.199951171875,65.41000366210939,285.75,9.920000076293944
2019-11-08,143.940185546875,1309.0,1785.8800048828125,66.73000335693361,297.6400146484375,9.699999809265137
2019-11-11,144.0880889892578,1298.280029296875,1771.6500244140625,67.25,303.32000732421875,9.420000076293944
2019-11-12,145.03482055664062,1297.2099609375,1778.0,67.01000213623047,305.55999755859375,7.78000020980835
2019-11-13,145.27149963378906,1296.1800537109375,1753.1099853515625,67.81999969482422,314.30999755859375,8.130000114440918
2019-11-14,146.0111083984375,1309.1500244140625,1754.5999755859375,67.75,312.45001220703125,8.189999580383299
2019-11-15,147.89468383789062,1333.5400390625,1739.489990234375,67.77999877929689,312.3800048828125,8.329999923706055
2019-11-18,148.25958251953125,1319.8399658203125,1752.530029296875,66.66000366210939,322.9800109863281,8.100000381469728
2019-11-19,148.30886840820312,1312.5899658203125,1752.7900390625,66.56999969482422,316.2799987792969,7.880000114440918
2019-11-20,148.0515899658203,1301.8599853515625,1745.530029296875,67.88999938964844,317.04998779296875,7.920000076293945
2019-11-21,147.9130401611328,1300.1400146484375,1734.7099609375,69.94000244140625,316.07000732421875,7.630000114440918
2019-11-22,148.02191162109375,1293.6700439453125,1745.719970703125,71.12000274658203,314.5199890136719,7.570000171661378
2019-11-25,149.64471435546875,1305.6400146484375,1773.8399658203125,71.5,317.07000732421875,7.739999771118164
2019-11-26,150.43634033203125,1313.0,1796.93994140625,72.30999755859375,336.19000244140625,7.769999980926514
2019-11-27,150.72329711914062,1312.1300048828125,1818.510009765625,71.66000366210938,341.0,7.440000057220459
2019-11-29,149.79315185546875,1304.0899658203125,1800.800048828125,71.20999908447266,336.75,7.5900001525878915
2019-12-02,147.98233032226562,1288.8599853515625,1781.5999755859375,69.91999816894531,330.8399963378906,7.53000020980835
2019-12-03,147.74484252929688,1294.739990234375,1769.9599609375,70.68000030517578,350.6600036621094,7.5
2019-12-04,148.2791748046875,1318.93994140625,1760.68994140625,70.0,372.0,7.550000190734862
2019-12-05,148.3583526611328,1326.9599609375,1740.47998046875,69.5,363.5899963378906,7.260000228881836
2019-12-06,150.15927124023438,1339.3900146484375,1751.5999755859375,75.56999969482422,364.6000061035156,7.360000133514403
2019-12-09,149.7733612060547,1342.989990234375,1749.510009765625,75.45999908447266,369.7900085449219,7.199999809265138
2019-12-10,149.54579162597656,1342.8900146484375,1739.2099609375,72.79000091552734,368.0,7.070000171661378
2019-12-11,150.10977172851562,1344.25,1748.719970703125,72.45999908447266,373.0799865722656,7.139999866485597
2019-12-12,151.6336669921875,1348.489990234375,1760.3299560546875,71.97000122070312,372.0499877929688,7.369999885559082
2019-12-13,152.91012573242188,1346.8699951171875,1760.93994140625,73.72000122070312,385.5700073242188,7.139999866485597
2019-12-16,153.89964294433594,1360.699951171875,1769.2099609375,73.63999938964844,393.6300048828125,7.059999942779541
2019-12-17,153.06845092773438,1354.8900146484375,1790.6600341796875,73.62999725341797,387.95001220703125,7.03000020980835
2019-12-18,152.75181579589844,1351.9100341796875,1784.030029296875,73.55000305175781,396.9400024414063,7.110000133514403
2019-12-19,154.0777587890625,1356.43994140625,1792.280029296875,73.37999725341797,393.05999755859375,7.170000076293945
2019-12-20,155.75994873046875,1351.219970703125,1786.5,74.18000030517578,390.0700073242188,7.070000171661378
2019-12-23,155.75994873046875,1350.6300048828125,1793.0,73.3499984741211,389.1300048828125,7.019999980926514
2019-12-24,155.73025512695312,1344.4300537109375,1789.2099609375,73.69999694824219,399.3900146484375,6.9000000953674325
2019-12-26,157.00672912597656,1362.469970703125,1868.77001953125,74.44000244140625,408.75,6.699999809265138
2019-12-27,157.29368591308594,1354.6400146484375,1869.800048828125,74.38999938964844,408.0,6.820000171661378
2019-12-30,155.93804931640625,1339.7099609375,1846.8900146484373,73.75,396.3599853515625,6.929999828338622
2019-12-31,156.04689025878906,1339.3900146484375,1847.8399658203125,74.11000061035156,397.5799865722656,7.050000190734862
2020-01-02,158.936279296875,1368.6800537109375,1898.010009765625,75.9000015258789,407.80999755859375,7.039999961853027
2020-01-03,156.95726013183594,1361.52001953125,1874.969970703125,75.55999755859375,404.2900085449219,7.210000038146973
2020-01-06,157.3629608154297,1397.81005859375,1902.8800048828125,75.38999938964844,413.3299865722656,8.199999809265138
2020-01-07,155.9281768798828,1395.1099853515625,1906.8599853515625,75.23999786376953,414.5,8.069999694824219
2020-01-08,158.41183471679688,1405.0400390625,1891.969970703125,76.2699966430664,418.1000061035156,7.889999866485597
2020-01-09,160.390869140625,1419.7900390625,1901.050048828125,75.80000305175781,430.20001220703125,8.119999885559082
2020-01-10,159.6487274169922,1428.9599609375,1883.1600341796875,74.83000183105469,429.1700134277344,8.140000343322754
2020-01-13,161.5684051513672,1440.030029296875,1891.300048828125,74.1500015258789,440.25,8.0
2020-01-14,160.43045043945312,1430.5899658203125,1869.43994140625,72.80000305175781,441.2200012207031,8.8100004196167
2020-01-15,161.46945190429688,1439.199951171875,1862.02001953125,73.02999877929688,448.510009765625,8.600000381469728
2020-01-16,164.42811584472656,1450.1600341796875,1877.93994140625,73.08000183105469,451.2999877929688,8.539999961853027
2020-01-17,165.34835815429688,1479.52001953125,1864.719970703125,72.52999877929688,454.8800048828125,8.529999732971191
2020-01-21,164.75465393066406,1482.25,1892.0,73.12999725341797,465.4400024414063,9.010000228881836
2020-01-22,163.96304321289062,1483.8699951171875,1887.4599609375,74.4000015258789,464.760009765625,8.75
2020-01-23,164.97235107421875,1484.68994140625,1884.5799560546875,74.33000183105469,469.25,8.279999732971191
2020-01-24,163.30995178222656,1466.1700439453125,1861.6400146484373,74.18000030517578,465.4800109863281,8.060000419616701
2020-01-27,160.57888793945312,1431.72998046875,1828.3399658203125,72.7699966430664,451.1099853515625,7.820000171661378
2020-01-28,163.72555541992188,1450.5,1853.25,74.93000030517578,467.6600036621094,8.020000457763674
2020-01-29,166.27850341796875,1456.699951171875,1858.0,76.91999816894531,471.6700134277344,8.270000457763674
2020-01-30,170.9688262939453,1454.25,1870.6800537109373,79.11000061035156,476.8800048828125,8.289999961853027
2020-01-31,168.445556640625,1432.780029296875,2008.719970703125,78.51000213623047,465.6600036621094,8.119999885559082
2020-02-03,172.5520477294922,1482.5999755859375,2004.199951171875,80.62999725341797,469.3900146484375,7.9000000953674325
2020-02-04,178.23187255859375,1445.4100341796875,2049.669921875,82.0199966430664,485.4599914550781,7.9000000953674325
2020-02-05,178.01419067382812,1446.050048828125,2039.8699951171875,80.73999786376953,475.55999755859375,8.0
2020-02-06,181.70509338378903,1475.969970703125,2050.22998046875,81.44000244140625,472.9800109863281,8.409999847412111
2020-02-07,181.9623565673828,1479.1099853515625,2079.280029296875,83.16000366210938,478.6900024414063,8.319999694824219
2020-02-10,186.7219390869141,1508.6600341796875,2133.909912109375,84.61000061035156,491.6900024414063,8.270000457763674
2020-02-11,182.5066070556641,1510.06005859375,2150.800048828125,85.33000183105469,492.75,8.609999656677246
2020-02-12,182.77377319335938,1518.6300048828125,2160.0,87.33000183105469,531.25,9.18000030517578
2020-02-13,181.7842712402344,1513.3900146484375,2149.8701171875,88.02999877929688,532.969970703125,8.989999771118164
2020-02-14,183.4070587158203,1518.72998046875,2134.8701171875,89.41000366210938,531.219970703125,9.029999732971193
2020-02-18,185.26736450195312,1519.43994140625,2155.669921875,90.76000213623048,536.4099731445311,8.800000190734863
2020-02-19,185.822998046875,1524.8699951171875,2170.219970703125,91.48999786376952,543.2100219726561,9.010000228881836
2020-02-20,182.9852294921875,1516.989990234375,2153.10009765625,90.30999755859376,535.5800170898439,9.149999618530273
2020-02-21,177.2006072998047,1483.4599609375,2095.969970703125,88.7300033569336,520.6599731445311,9.260000228881836
2020-02-24,169.56051635742188,1419.8599853515625,2009.2900390625,86.37000274658203,490.9599914550781,9.220000267028807
2020-02-25,166.762451171875,1386.3199462890625,1972.739990234375,83.05999755859375,466.4599914550781,7.8400001525878915
2020-02-26,168.84609985351562,1390.469970703125,1979.5899658203125,83.58000183105469,471.17999267578125,7.489999771118164
2020-02-27,156.9493865966797,1314.949951171875,1884.300048828125,83.20999908447266,438.3699951171875,6.9000000953674325
2020-02-28,160.7495880126953,1339.25,1883.75,86.30999755859375,463.30999755859375,6.460000038146973
2020-03-02,171.4457244873047,1386.3199462890625,1953.949951171875,87.95999908447266,488.3999938964844,6.059999942779541
2020-03-03,163.2301483154297,1337.719970703125,1908.989990234375,85.80999755859375,476.9400024414063,6.059999942779541
2020-03-04,169.22314453125,1381.5999755859375,1975.8299560546875,89.55000305175781,512.22998046875,6.380000114440918
2020-03-05,164.9764404296875,1314.760009765625,1924.030029296875,88.5999984741211,498.2200012207031,6.369999885559082
2020-03-06,160.3130340576172,1295.739990234375,1901.0899658203125,84.0199966430664,472.0700073242188,5.980000019073486
2020-03-09,149.4481964111328,1215.7900390625,1800.6099853515625,77.62999725341797,418.3200073242188,4.940000057220459
2020-03-10,159.66807556152344,1275.1700439453125,1891.8199462890625,79.81999969482422,450.3399963378906,5.28000020980835
2020-03-11,152.43478393554688,1210.9000244140625,1820.8599853515625,75.0,422.30999755859375,4.539999961853027
2020-03-12,137.97813415527344,1111.550048828125,1676.6099853515625,68.68000030517578,377.7799987792969,3.4100000858306885
2020-03-13,157.59434509277344,1214.27001953125,1785.0,77.31999969482422,390.8999938964844,3.2300000190734863
2020-03-16,134.36647033691406,1073.0,1689.1500244140625,72.30999755859375,322.2900085449219,2.650000095367432
2020-03-17,145.4297332763672,1118.06005859375,1807.8399658203125,70.94000244140625,355.0899963378906,2.6700000762939453
2020-03-18,139.30772399902344,1091.18994140625,1830.0,76.61000061035156,336.8299865722656,3.1700000762939453
2020-03-19,141.59974670410156,1111.6700439453123,1880.9300537109373,75.87999725341797,332.5,3.990000009536743
2020-03-20,136.28143310546878,1068.2099609375,1846.0899658203125,79.69999694824219,346.05999755859375,3.759999990463257
2020-03-23,134.92208862304688,1054.1300048828123,1902.8299560546875,83.5,375.3900146484375,4.610000133514403
2020-03-24,147.18594360351562,1130.010009765625,1940.0999755859373,85.0,430.0,5.800000190734862
2020-03-25,145.77699279785156,1101.6199951171877,1885.8399658203125,81.37000274658203,446.6000061035156,5.420000076293945
2020-03-26,154.89549255371094,1162.9200439453125,1955.489990234375,83.66000366210938,447.4100036621094,4.96999979019165
2020-03-27,148.5353546142578,1110.260009765625,1900.0999755859373,82.56999969482422,421.6199951171875,4.610000133514403
2020-03-30,158.9834442138672,1146.31005859375,1963.949951171875,88.13999938964844,430.3800048828125,4.25
2020-03-31,156.48304748535156,1161.949951171875,1949.719970703125,92.4000015258789,416.92999267578125,4.989999771118164
2020-04-01,150.92662048339844,1102.0999755859377,1907.699951171875,92.08999633789062,384.6700134277344,4.53000020980835
2020-04-02,154.05210876464844,1117.030029296875,1918.8299560546875,84.04000091552734,346.29998779296875,4.630000114440918
2020-04-03,152.63323974609375,1092.699951171875,1906.5899658203125,79.0,357.6499938964844,4.9099998474121085
2020-04-06,163.98423767089844,1183.18994140625,1997.5899658203125,90.1500015258789,392.6499938964844,5.5
2020-04-07,162.21807861328125,1182.56005859375,2011.5999755859373,87.97000122070312,378.5400085449219,5.329999923706055
2020-04-08,163.84530639648438,1207.0,2043.0,88.37000274658203,414.510009765625,6.820000171661378
2020-04-09,163.85523986816406,1206.5699462890625,2042.760009765625,90.62999725341795,417.739990234375,7.440000057220459
2020-04-13,164.22235107421875,1210.4100341796875,2168.8701171875,93.97000122070312,447.45001220703125,7.8499999046325675
2020-04-14,172.3486328125,1265.22998046875,2283.320068359375,98.43000030517578,496.05999755859375,8.710000038146973
2020-04-15,170.5428009033203,1257.300048828125,2307.679931640625,100.52999877929688,497.1700134277344,8.470000267028809
2020-04-16,175.6626434326172,1257.4300537109375,2408.18994140625,100.68000030517578,526.4299926757811,9.109999656677246
2020-04-17,177.2105255126953,1279.0,2375.0,100.3499984741211,590.3900146484375,9.220000267028807
2020-04-20,173.6980743408203,1261.1500244140625,2393.610107421875,101.8000030517578,629.9000244140625,10.270000457763672
2020-04-21,166.514404296875,1212.1600341796875,2328.1201171875,99.33000183105469,585.0,9.949999809265137
2020-04-22,172.17005920410156,1258.4100341796875,2363.489990234375,101.79000091552734,626.5599975585938,8.800000190734863
2020-04-23,170.0863800048828,1271.1700439453125,2399.449951171875,102.19000244140624,620.489990234375,8.010000228881836
2020-04-24,173.19203186035156,1276.5999755859375,2410.219970703125,105.06999969482422,643.1900024414062,9.920000076293944
2020-04-27,172.6959228515625,1270.8599853515625,2376.0,108.25,628.5800170898438,11.600000381469727
2020-04-28,168.48892211914062,1232.5899658203125,2314.080078125,103.94000244140624,633.6500244140625,12.0
2020-04-29,176.04962158203125,1342.1800537109375,2372.7099609375,103.4000015258789,639.989990234375,12.079999923706055
2020-04-30,177.81578063964844,1346.699951171875,2474.0,104.75,632.2899780273438,12.619999885559082
2020-05-01,173.21189880371094,1317.3199462890625,2286.0400390625,103.5199966430664,613.6400146484375,11.979999542236328
2020-05-04,177.44863891601562,1322.9000244140625,2315.989990234375,107.08000183105469,658.8900146484375,13.0
2020-05-05,179.35372924804688,1349.02001953125,2317.800048828125,109.3499984741211,686.1099853515625,14.100000381469727
2020-05-06,181.119873046875,1345.4300537109375,2351.260009765625,115.48999786376952,733.530029296875,16.25
2020-05-07,182.171630859375,1369.280029296875,2367.610107421875,117.6999969482422,722.760009765625,15.93000030517578
2020-05-08,183.2432098388672,1384.3399658203125,2379.610107421875,116.55999755859376,708.969970703125,16.129999160766598
2020-05-11,185.2872009277344,1403.5899658203125,2409.0,120.6500015258789,750.3400268554688,17.59000015258789
2020-05-12,181.0901031494141,1375.1800537109375,2356.949951171875,120.26000213623048,742.280029296875,17.8700008392334
2020-05-13,178.35157775878906,1348.3299560546875,2367.919921875,119.06999969482422,754.3800048828125,19.299999237060547
2020-05-14,179.12551879882812,1356.8599853515625,2388.85009765625,122.01000213623048,754.2899780273438,18.6200008392334
2020-05-15,181.73504638671875,1373.06005859375,2409.780029296875,125.87999725341795,767.0,17.069999694824222
2020-05-18,183.471435546875,1385.1800537109375,2426.260009765625,122.91999816894531,738.02001953125,15.1899995803833
2020-05-19,182.20140075683597,1374.4000244140625,2449.330078125,127.22000122070312,753.010009765625,17.8700008392334
2020-05-20,184.7286529541016,1409.1600341796875,2497.93994140625,128.77000427246094,778.0,18.540000915527344
2020-05-21,182.5098419189453,1406.75,2446.739990234375,132.85000610351562,802.3499755859375,17.850000381469727
2020-05-22,182.5894317626953,1413.239990234375,2436.8798828125,133.0,825.1699829101562,17.600000381469727
2020-05-26,180.6591796875,1421.3699951171875,2421.860107421875,128.94999694824222,767.8900146484375,16.920000076293945
2020-05-27,180.89796447753903,1420.280029296875,2410.389892578125,126.54000091552734,750.0,16.860000610351562
2020-05-28,180.49002075195312,1418.239990234375,2401.10009765625,127.8000030517578,744.4299926757812,16.670000076293945
2020-05-29,182.33074951171875,1433.52001953125,2442.3701171875,139.74000549316406,757.7999877929688,18.3700008392334
2020-06-01,181.9128570556641,1434.8699951171875,2471.0400390625,147.22000122070312,758.0,19.32999992370605
2020-06-02,183.982421875,1442.31005859375,2472.409912109375,147.67999267578125,779.5,21.700000762939453
2020-06-03,184.4301605224609,1439.25,2478.39990234375,147.4499969482422,762.02001953125,21.15999984741211
2020-06-04,182.0023956298828,1414.300048828125,2460.60009765625,140.05999755859378,735.1900024414062,22.440000534057614
2020-06-05,186.26092529296875,1440.02001953125,2483.0,139.63999938964844,727.77001953125,21.25
2020-06-08,187.41510009765625,1448.0400390625,2524.06005859375,146.5399932861328,730.6699829101562,21.690000534057614
2020-06-09,188.847900390625,1452.0799560546875,2600.860107421875,141.9199981689453,741.7000122070312,21.959999084472656
2020-06-10,195.8525695800781,1464.699951171875,2647.449951171875,148.0500030517578,743.6400146484375,23.940000534057614
2020-06-11,185.33560180664062,1401.9000244140625,2557.9599609375,148.89999389648438,725.1199951171875,19.549999237060547
2020-06-12,186.7982177734375,1412.9200439453125,2545.02001953125,150.60000610351562,742.5800170898438,19.75
2020-06-15,187.99220275878903,1420.739990234375,2572.679931640625,162.69000244140625,805.469970703125,21.670000076293945
2020-06-16,192.59898376464844,1446.469970703125,2615.27001953125,163.0500030517578,805.760009765625,22.15999984741211
2020-06-17,193.265625,1452.5400390625,2640.97998046875,161.7100067138672,817.3599853515625,22.450000762939453
2020-06-18,195.33518981933597,1434.1199951171875,2653.97998046875,162.3000030517578,863.5599975585938,22.40999984741211
2020-06-19,194.1710357666016,1424.6400146484375,2675.010009765625,161.4199981689453,881.0,24.709999084472656
2020-06-22,199.5638732910156,1450.6600341796875,2713.820068359375,168.3000030517578,904.8099975585938,27.3799991607666
2020-06-23,200.8971405029297,1463.97998046875,2764.409912109375,166.8000030517578,911.3400268554688,25.90999984741211
2020-06-24,196.84754943847656,1432.699951171875,2734.39990234375,163.91000366210938,897.0,26.979999542236328
2020-06-25,199.3350067138672,1441.0999755859375,2754.580078125,168.39999389648438,916.3200073242188,26.229999542236328
2020-06-26,195.3451232910156,1362.5400390625,2692.8701171875,177.5800018310547,910.0,28.10000038146973
2020-06-29,197.44454956054688,1397.1700439453125,2680.3798828125,171.6699981689453,922.4199829101562,27.82999992370605
2020-06-30,202.48910522460938,1418.050048828125,2758.820068359375,172.2100067138672,949.2000122070312,28.43000030517578
2020-07-01,203.6731414794922,1442.0,2878.699951171875,178.9600067138672,1016.6400146484376,30.06999969482422
2020-07-02,205.22531127929688,1469.9300537109375,2890.300048828125,190.9900054931641,1029.969970703125,33.43000030517578
2020-07-06,209.64303588867188,1499.6500244140625,3057.0400390625,190.66000366210938,986.77001953125,39.15999984741211
2020-07-07,207.205322265625,1489.9200439453125,3000.1201171875,197.75,1013.989990234375,45.4000015258789
2020-07-08,211.76235961914062,1503.5999755859375,3081.110107421875,206.3500061035156,1017.2999877929688,43.43999862670898
2020-07-09,213.24490356445312,1518.6600341796875,3182.6298828125,212.4199981689453,1040.02001953125,45.20000076293945
2020-07-10,212.59814453125,1539.010009765625,3200.0,210.1100006103516,1031.8599853515623,48.75
2020-07-13,206.03125,1512.22998046875,3104.0,190.0200042724609,968.75,41.86000061035156
2020-07-14,207.30484008789062,1520.8599853515625,3084.0,196.42999267578125,974.4099731445312,43.13000106811523
2020-07-15,206.99636840820312,1516.8800048828125,3008.8701171875,192.8300018310547,959.4500122070312,45.88000106811523
2020-07-16,202.8970489501953,1514.9200439453125,2999.89990234375,191.72000122070312,925.489990234375,45.79999923706055
2020-07-17,201.86227416992188,1516.8499755859375,2961.969970703125,196.41000366210938,928.1300048828124,48.93000030517578
2020-07-20,210.5385284423828,1563.8399658203125,3196.840087890625,201.9900054931641,1009.3900146484376,53.31000137329102
2020-07-21,207.70281982421875,1555.9200439453125,3138.2900390625,201.02999877929688,952.8300170898438,52.72000122070313
2020-07-22,210.68777465820312,1564.8499755859375,3099.909912109375,203.97999572753903,957.3300170898438,54.849998474121094
2020-07-23,201.5239715576172,1516.75,2986.550048828125,198.4900054931641,928.4099731445312,52.97999954223633
2020-07-24,200.2902069091797,1508.2099609375,3008.909912109375,190.9499969482422,929.8099975585938,53.209999084472656
2020-07-27,202.8274078369141,1529.4300537109375,3055.2099609375,196.2700042724609,976.3900146484376,59.13000106811523
2020-07-28,201.006591796875,1503.6500244140625,3000.330078125,196.72999572753903,985.0,58.36999893188477
2020-07-29,203.03634643554688,1523.510009765625,3033.530029296875,209.1499938964844,1053.5899658203123,60.7400016784668
2020-07-30,202.8771514892578,1538.3699951171875,3051.8798828125,213.94000244140625,1048.8399658203123,76.19000244140625
2020-07-31,203.9815826416016,1487.949951171875,3164.679931640625,216.8300018310547,1024.0,75.58999633789062
2020-08-03,215.4537506103516,1482.760009765625,3111.889892578125,226.27999877929688,1083.050048828125,82.95999908447266
2020-08-04,212.2200469970703,1473.300048828125,3138.830078125,227.67999267578125,1080.0,82.4000015258789
2020-08-05,211.87181091308597,1479.0899658203125,3205.030029296875,226.0200042724609,1094.6500244140623,93.8499984741211
2020-08-06,215.26470947265625,1504.949951171875,3225.0,215.67999267578125,1088.1300048828123,94.13999938964844
2020-08-07,211.41412353515625,1498.3699951171875,3167.4599609375,204.75999450683597,1053.1199951171877,103.6500015258789
2020-08-10,207.205322265625,1496.8199462890625,3148.159912109375,198.3800048828125,1005.5599975585938,95.58000183105469
2020-08-11,202.3597717285156,1480.5400390625,3080.669921875,191.82000732421875,971.989990234375,92.0
2020-08-12,208.140625,1507.239990234375,3162.239990234375,193.3000030517578,991.0,88.93000030517578
2020-08-13,207.65306091308597,1516.6500244140625,3161.02001953125,199.3800048828125,999.9000244140624,94.98999786376952
2020-08-14,207.85206604003903,1504.6300048828125,3148.02001953125,199.7100067138672,987.9000244140624,93.36000061035156
2020-08-17,209.2251434326172,1516.239990234375,3182.409912109375,207.6999969482422,1012.9600219726562,118.12999725341795
2020-08-18,210.42909240722656,1555.780029296875,3312.489990234375,209.47000122070312,1024.7099609375,115.93000030517578
2020-08-19,209.1524200439453,1544.6099853515625,3260.47998046875,208.2100067138672,1009.1099853515624,121.76000213623048
2020-08-20,214.01968383789062,1576.25,3297.3701171875,214.47999572753903,1039.6199951171877,122.31999969482422
2020-08-21,212.46376037597656,1575.5699462890625,3284.719970703125,210.17999267578125,1021.1199951171876,121.08999633789062
2020-08-24,213.1320037841797,1585.1500244140625,3307.4599609375,204.4900054931641,999.3200073242188,116.23999786376952
2020-08-25,215.90475463867188,1605.8499755859375,3346.489990234375,205.08999633789062,1037.18994140625,112.81999969482422
2020-08-26,220.5725250244141,1644.1300048828125,3441.85009765625,214.41000366210938,1089.3299560546877,109.5199966430664
2020-08-27,225.9883575439453,1628.52001953125,3400.0,214.7700042724609,1053.5,95.98999786376952
2020-08-28,228.3122711181641,1639.4300537109375,3401.800048828125,215.2400054931641,1042.06005859375,96.93000030517578
2020-08-31,224.9410858154297,1629.530029296875,3450.9599609375,223.0,1066.4200439453123,87.5
2020-09-01,226.6765594482422,1655.0799560546875,3499.1201171875,268.79998779296875,1134.3199462890625,88.43000030517578
2020-09-02,231.04510498046875,1717.3900146484375,3531.449951171875,265.16000366210943,1074.5899658203123,81.69000244140625
2020-09-03,216.7325897216797,1629.510009765625,3368.0,242.00999450683597,1015.7000122070312,73.33999633789062
2020-09-04,213.6905517578125,1581.2099609375,3294.6201171875,216.25999450683597,973.02001953125,67.40000152587889
2020-09-08,202.1308135986328,1523.5999755859375,3149.840087890625,205.6300048828125,917.4000244140624,63.2400016784668
2020-09-09,210.7382659912109,1547.22998046875,3268.610107421875,211.7899932861328,949.3099975585938,68.94000244140625
2020-09-10,204.83372497558597,1526.050048828125,3175.110107421875,205.9499969482422,934.1699829101562,74.5
2020-09-11,203.4972381591797,1515.760009765625,3116.219970703125,197.94000244140625,914.5,65.15000152587889
2020-09-14,204.8736267089844,1508.8299560546875,3102.969970703125,202.9499969482422,931.8300170898438,75.7300033569336
2020-09-15,208.23483276367188,1535.1199951171875,3156.1298828125,202.0200042724609,929.3900146484376,73.33000183105469
2020-09-16,204.5145721435547,1512.0899658203125,3078.10009765625,197.00999450683597,885.1799926757812,74.4800033569336
2020-09-17,202.38015747070312,1487.0400390625,3008.72998046875,193.38999938964844,870.760009765625,72.12999725341797
2020-09-18,199.8667297363281,1451.0899658203125,2954.909912109375,194.8600006103516,901.3400268554688,75.04000091552734
2020-09-21,202.01112365722656,1430.1400146484375,2960.469970703125,205.0200042724609,927.8900146484376,74.4800033569336
2020-09-22,206.8783721923828,1459.8199462890625,3128.989990234375,212.1300048828125,954.25,79.33999633789062
2020-09-23,200.0662078857422,1409.3900146484375,2999.860107421875,211.5200042724609,918.8099975585938,71.41999816894531
2020-09-24,202.659423828125,1422.8599853515625,3019.7900390625,203.8500061035156,908.6099853515624,74.54000091552734
2020-09-25,207.27734375,1439.06005859375,3095.1298828125,212.3600006103516,960.9199829101562,72.87000274658203
2020-09-28,208.8931121826172,1458.6600341796875,3174.050048828125,213.2400054931641,966.5,74.62000274658203
2020-09-29,206.7187957763672,1466.02001953125,3144.8798828125,212.92999267578125,1025.699951171875,74.19000244140625
2020-09-30,209.78077697753903,1465.5999755859375,3148.72998046875,215.2400054931641,1022.969970703125,72.6500015258789
2020-10-01,211.9052276611328,1487.9000244140625,3221.260009765625,222.25999450683597,1054.4300537109377,83.87000274658203
2020-10-02,205.65159606933597,1455.5999755859375,3125.0,218.2700042724609,1028.989990234375,77.93000030517578
2020-10-05,209.8306579589844,1482.8299560546875,3199.199951171875,225.9199981689453,1065.530029296875,80.76000213623047
2020-10-06,205.3723297119141,1451.02001953125,3099.9599609375,221.1999969482422,1041.25,78.20999908447266
2020-10-07,209.28208923339844,1459.1400146484375,3195.68994140625,224.0500030517578,1073.4300537109377,84.6500015258789
2020-10-08,210.03013610839844,1483.4300537109375,3190.550048828125,220.38999938964844,1069.2099609375,82.2300033569336
2020-10-09,215.24647521972656,1510.449951171875,3286.64990234375,225.6000061035156,1096.0,83.2300033569336
2020-10-12,220.8218688964844,1564.5899658203125,3442.929931640625,231.8600006103516,1090.0,81.45999908447266
2020-10-13,222.27806091308597,1567.0699462890625,3443.6298828125,238.2100067138672,1106.5899658203123,84.05999755859375
2020-10-14,220.2832794189453,1563.43994140625,3363.7099609375,237.1000061035156,1082.1199951171877,80.58999633789062
2020-10-15,219.08642578125,1555.469970703125,3338.64990234375,240.4499969482422,1078.300048828125,80.33999633789062
2020-10-16,219.08642578125,1567.699951171875,3272.7099609375,234.6000061035156,1067.2099609375,77.01000213623047
2020-10-19,213.6606292724609,1529.949951171875,3207.2099609375,228.41000366210938,1069.0,72.6500015258789
2020-10-20,214.0894927978516,1551.0799560546875,3217.010009765625,227.8000030517578,1056.489990234375,71.41999816894531
2020-10-21,214.23912048339844,1585.989990234375,3184.93994140625,218.1199951171875,1022.010009765625,67.94999694824219
2020-10-22,214.3288726806641,1606.6600341796875,3176.39990234375,214.8000030517578,1007.0700073242188,71.4000015258789
2020-10-23,215.66537475585938,1632.97998046875,3204.39990234375,219.82000732421875,1026.219970703125,71.87999725341797
2020-10-26,209.53143310546875,1584.2900390625,3207.0400390625,220.1699981689453,1038.050048828125,71.08999633789062
2020-10-27,212.6931610107422,1598.8800048828125,3286.330078125,222.18499755859372,1082.8900146484377,72.33000183105469
2020-10-28,202.1507568359375,1510.800048828125,3162.780029296875,218.25,1026.7099609375,71.9800033569336
2020-10-29,204.1854248046875,1556.8800048828125,3211.010009765625,213.6499938964844,977.0,62.209999084472656
2020-10-30,201.9413146972656,1616.1099853515625,3036.14990234375,202.25,925.4299926757812,56.099998474121094
2020-11-02,201.8016662597656,1624.3199462890625,3004.47998046875,201.55999755859372,914.989990234375,58.38000106811523
2020-11-03,205.89096069335938,1645.6600341796875,3048.409912109375,208.42999267578125,941.719970703125,60.36999893188477
2020-11-04,215.824951171875,1745.8499755859375,3241.159912109375,235.00999450683597,996.0,59.7599983215332
2020-11-05,222.7069396972656,1762.5,3322.0,236.7700042724609,1036.5,68.54000091552734
2020-11-06,223.1358184814453,1759.72998046875,3311.3701171875,231.69000244140625,1045.0,67.33000183105469
2020-11-09,217.8197326660156,1761.4200439453125,3143.739990234375,197.6000061035156,902.5999755859376,53.84000015258789
2020-11-10,210.45899963378903,1737.719970703125,3035.02001953125,198.30999755859372,885.760009765625,51.34000015258789
2020-11-11,215.9845428466797,1747.22998046875,3137.389892578125,208.5500030517578,947.1799926757812,52.06000137329102
2020-11-12,214.87744140625,1742.8199462890625,3110.280029296875,212.6199951171875,925.7999877929688,53.11000061035156
2020-11-13,215.94464111328125,1772.260009765625,3128.81005859375,205.6999969482422,918.2999877929688,54.5099983215332
2020-11-16,216.6627655029297,1774.030029296875,3131.06005859375,208.1300048828125,919.219970703125,52.33000183105469
2020-11-17,213.90000915527344,1761.6600341796875,3135.659912109375,211.91000366210938,914.02001953125,58.31000137329102
2020-11-18,211.0800018310547,1740.6400146484375,3105.4599609375,214.32000732421875,931.4299926757812,57.31999969482422
2020-11-19,212.4199981689453,1758.5699462890625,3117.02001953125,219.6999969482422,966.77001953125,58.27999877929688
2020-11-20,210.38999938964844,1736.3800048828125,3099.39990234375,221.58999633789062,988.510009765625,61.849998474121094
2020-11-23,210.1100006103516,1727.56005859375,3098.389892578125,217.1699981689453,980.010009765625,67.93000030517578
2020-11-24,213.8600006103516,1763.9000244140625,3118.06005859375,217.1999969482422,971.239990234375,66.86000061035156
2020-11-25,213.8699951171875,1764.1300048828125,3185.070068359375,224.1499938964844,1019.52001953125,68.43000030517578
2020-11-27,215.22999572753903,1787.02001953125,3195.340087890625,226.8699951171875,1034.3900146484377,69.33000183105469
2020-11-30,214.07000732421875,1754.4000244140625,3168.0400390625,227.8800048828125,1090.3800048828123,67.48999786376953
2020-12-01,216.2100067138672,1795.3599853515625,3220.080078125,215.7100067138672,1069.06005859375,63.13999938964844
2020-12-02,215.3699951171875,1824.969970703125,3203.530029296875,217.6999969482422,1079.43994140625,62.25
2020-12-03,214.2400054931641,1821.8399658203125,3186.72998046875,231.00999450683597,1062.6800537109377,62.86000061035156
2020-12-04,214.3600006103516,1823.760009765625,3162.580078125,243.22000122070312,1053.8900146484377,62.72000122070313
